{"cameraMode":{"drawMode":0,"name":"Shaded","section":"Shading Mode"},"sceneLighting":false,"audioPlay":false,"sceneViewState":{"showFog":true,"showMaterialUpdate":false,"showSkybox":false,"showFlares":true,"showImageEffects":true,"showParticleSystems":true},"in2DMode":false,"pivot":{"x":-0.00000286102294921875,"y":0.8605725765228272,"z":5.0351176261901859},"rotation":{"x":-0.24409690499305726,"y":-0.4296114444732666,"z":0.12182372808456421,"w":-0.8608266711235046},"size":44.37601089477539,"orthographic":false}