{"cameraMode":{"drawMode":0,"name":"Shaded","section":"Shading Mode"},"sceneLighting":false,"audioPlay":false,"sceneViewState":{"showFog":true,"showMaterialUpdate":false,"showSkybox":false,"showFlares":true,"showImageEffects":true,"showParticleSystems":true},"in2DMode":false,"pivot":{"x":3.725290298461914e-8,"y":0.2739640772342682,"z":-1.1175870895385743e-8},"rotation":{"x":0.007330487947911024,"y":-0.9851701855659485,"z":0.16587603092193604,"w":0.04347880184650421},"size":3.3464763164520265,"orthographic":false}