{"cameraMode":{"drawMode":0,"name":"Shaded","section":"Shading Mode"},"sceneLighting":false,"audioPlay":false,"sceneViewState":{"showFog":true,"showMaterialUpdate":false,"showSkybox":false,"showFlares":true,"showImageEffects":true,"showParticleSystems":true},"in2DMode":false,"pivot":{"x":41.73260498046875,"y":2.8934173583984377,"z":-17.727981567382814},"rotation":{"x":-0.13420294225215913,"y":0.6314944624900818,"z":-0.11216902732849121,"w":-0.755413830280304},"size":335.08489990234377,"orthographic":false}