{"cameraMode":{"drawMode":0,"name":"Shaded","section":"Shading Mode"},"sceneLighting":false,"audioPlay":false,"sceneViewState":{"showFog":true,"showMaterialUpdate":false,"showSkybox":false,"showFlares":true,"showImageEffects":true,"showParticleSystems":true},"in2DMode":false,"pivot":{"x":1.0,"y":19.378032684326173,"z":2.1854705810546877},"rotation":{"x":-0.18310746550559998,"y":0.3783203661441803,"z":-0.07660083472728729,"w":-0.9041600227355957},"size":246.78846740722657,"orthographic":false}